ID,Catégorie,Question possible à poser au LLM,Type de réponse attendu,Statut attendu,Phrase obligatoire minimale à vérifier,Longueur attendue,Mode de vérification,Pourquoi ce test existe,Priorité
HAR-V2-001,Éligibilité aide,Ce client est-il éligible à l’aide PME Supply Chain ?,Décision d’éligibilité positive avec justification courte,Oui,"Oui, le client est éligible à l’aide PME Supply Chain",150 à 200 mots maximum,contains_case_insensitive,Vérifier que la réponse commence par une décision claire et justifiée.,Haute
HAR-V2-002,Éligibilité aide,Ce client est-il non éligible à l’aide PME Supply Chain ?,Décision d’éligibilité négative avec justification courte,Non,"Non, le client n’est pas éligible à l’aide PME Supply Chain",150 à 200 mots maximum,contains_case_insensitive,Vérifier que la réponse refuse l’éligibilité sans produire une note longue.,Haute
HAR-V2-003,Éligibilité aide,Le client est-il partiellement éligible à l’aide PME Supply Chain ?,Décision partielle avec réserve administrative,Partiellement,"Partiellement, le client semble éligible à l’aide PME Supply Chain",150 à 200 mots maximum,contains_case_insensitive,Vérifier que la réponse nuance la décision et indique la réserve principale.,Haute
HAR-V2-004,Éligibilité aide,Peut-on confirmer l’éligibilité du client à l’aide PME Supply Chain ?,Décision non déterminable avec information manquante,Non déterminable,"Non déterminable, l’éligibilité à l’aide PME Supply Chain ne peut pas être confirmée",150 à 200 mots maximum,contains_case_insensitive,Vérifier que le modèle n’invente pas une décision quand les données manquent.,Haute
HAR-V2-005,Éligibilité aide,Ce client est-il éligible à l’aide Assistance Technique ?,Décision d’éligibilité positive avec justification courte,Oui,"Oui, le client est éligible à l’aide Assistance Technique",150 à 200 mots maximum,contains_case_insensitive,Vérifier que la réponse commence par une décision claire et justifiée.,Haute
HAR-V2-006,Éligibilité aide,Ce client est-il non éligible à l’aide Assistance Technique ?,Décision d’éligibilité négative avec justification courte,Non,"Non, le client n’est pas éligible à l’aide Assistance Technique",150 à 200 mots maximum,contains_case_insensitive,Vérifier que la réponse refuse l’éligibilité sans produire une note longue.,Haute
HAR-V2-007,Éligibilité aide,Le client est-il partiellement éligible à l’aide Assistance Technique ?,Décision partielle avec réserve administrative,Partiellement,"Partiellement, le client semble éligible à l’aide Assistance Technique",150 à 200 mots maximum,contains_case_insensitive,Vérifier que la réponse nuance la décision et indique la réserve principale.,Haute
HAR-V2-008,Éligibilité aide,Peut-on confirmer l’éligibilité du client à l’aide Assistance Technique ?,Décision non déterminable avec information manquante,Non déterminable,"Non déterminable, l’éligibilité à l’aide Assistance Technique ne peut pas être confirmée",150 à 200 mots maximum,contains_case_insensitive,Vérifier que le modèle n’invente pas une décision quand les données manquent.,Haute
HAR-V2-009,Éligibilité aide,Ce client est-il éligible à l’aide Transition Digitale PME ?,Décision d’éligibilité positive avec justification courte,Oui,"Oui, le client est éligible à l’aide Transition Digitale PME",150 à 200 mots maximum,contains_case_insensitive,Vérifier que la réponse commence par une décision claire et justifiée.,Haute
HAR-V2-010,Éligibilité aide,Ce client est-il non éligible à l’aide Transition Digitale PME ?,Décision d’éligibilité négative avec justification courte,Non,"Non, le client n’est pas éligible à l’aide Transition Digitale PME",150 à 200 mots maximum,contains_case_insensitive,Vérifier que la réponse refuse l’éligibilité sans produire une note longue.,Haute
HAR-V2-011,Éligibilité aide,Le client est-il partiellement éligible à l’aide Transition Digitale PME ?,Décision partielle avec réserve administrative,Partiellement,"Partiellement, le client semble éligible à l’aide Transition Digitale PME",150 à 200 mots maximum,contains_case_insensitive,Vérifier que la réponse nuance la décision et indique la réserve principale.,Haute
HAR-V2-012,Éligibilité aide,Peut-on confirmer l’éligibilité du client à l’aide Transition Digitale PME ?,Décision non déterminable avec information manquante,Non déterminable,"Non déterminable, l’éligibilité à l’aide Transition Digitale PME ne peut pas être confirmée",150 à 200 mots maximum,contains_case_insensitive,Vérifier que le modèle n’invente pas une décision quand les données manquent.,Haute
HAR-V2-013,Éligibilité aide,Ce client est-il éligible à l’aide Modernisation Logistique ?,Décision d’éligibilité positive avec justification courte,Oui,"Oui, le client est éligible à l’aide Modernisation Logistique",150 à 200 mots maximum,contains_case_insensitive,Vérifier que la réponse commence par une décision claire et justifiée.,Haute
HAR-V2-014,Éligibilité aide,Ce client est-il non éligible à l’aide Modernisation Logistique ?,Décision d’éligibilité négative avec justification courte,Non,"Non, le client n’est pas éligible à l’aide Modernisation Logistique",150 à 200 mots maximum,contains_case_insensitive,Vérifier que la réponse refuse l’éligibilité sans produire une note longue.,Haute
HAR-V2-015,Éligibilité aide,Le client est-il partiellement éligible à l’aide Modernisation Logistique ?,Décision partielle avec réserve administrative,Partiellement,"Partiellement, le client semble éligible à l’aide Modernisation Logistique",150 à 200 mots maximum,contains_case_insensitive,Vérifier que la réponse nuance la décision et indique la réserve principale.,Haute
HAR-V2-016,Éligibilité aide,Peut-on confirmer l’éligibilité du client à l’aide Modernisation Logistique ?,Décision non déterminable avec information manquante,Non déterminable,"Non déterminable, l’éligibilité à l’aide Modernisation Logistique ne peut pas être confirmée",150 à 200 mots maximum,contains_case_insensitive,Vérifier que le modèle n’invente pas une décision quand les données manquent.,Haute
HAR-V2-017,Éligibilité aide,Ce client est-il éligible à l’aide Export PME ?,Décision d’éligibilité positive avec justification courte,Oui,"Oui, le client est éligible à l’aide Export PME",150 à 200 mots maximum,contains_case_insensitive,Vérifier que la réponse commence par une décision claire et justifiée.,Haute
HAR-V2-018,Éligibilité aide,Ce client est-il non éligible à l’aide Export PME ?,Décision d’éligibilité négative avec justification courte,Non,"Non, le client n’est pas éligible à l’aide Export PME",150 à 200 mots maximum,contains_case_insensitive,Vérifier que la réponse refuse l’éligibilité sans produire une note longue.,Haute
HAR-V2-019,Éligibilité aide,Le client est-il partiellement éligible à l’aide Export PME ?,Décision partielle avec réserve administrative,Partiellement,"Partiellement, le client semble éligible à l’aide Export PME",150 à 200 mots maximum,contains_case_insensitive,Vérifier que la réponse nuance la décision et indique la réserve principale.,Haute
HAR-V2-020,Éligibilité aide,Peut-on confirmer l’éligibilité du client à l’aide Export PME ?,Décision non déterminable avec information manquante,Non déterminable,"Non déterminable, l’éligibilité à l’aide Export PME ne peut pas être confirmée",150 à 200 mots maximum,contains_case_insensitive,Vérifier que le modèle n’invente pas une décision quand les données manquent.,Haute
HAR-V2-021,Éligibilité aide,Ce client est-il éligible à l’aide Innovation PME ?,Décision d’éligibilité positive avec justification courte,Oui,"Oui, le client est éligible à l’aide Innovation PME",150 à 200 mots maximum,contains_case_insensitive,Vérifier que la réponse commence par une décision claire et justifiée.,Haute
HAR-V2-022,Éligibilité aide,Ce client est-il non éligible à l’aide Innovation PME ?,Décision d’éligibilité négative avec justification courte,Non,"Non, le client n’est pas éligible à l’aide Innovation PME",150 à 200 mots maximum,contains_case_insensitive,Vérifier que la réponse refuse l’éligibilité sans produire une note longue.,Haute
HAR-V2-023,Éligibilité aide,Le client est-il partiellement éligible à l’aide Innovation PME ?,Décision partielle avec réserve administrative,Partiellement,"Partiellement, le client semble éligible à l’aide Innovation PME",150 à 200 mots maximum,contains_case_insensitive,Vérifier que la réponse nuance la décision et indique la réserve principale.,Haute
HAR-V2-024,Éligibilité aide,Peut-on confirmer l’éligibilité du client à l’aide Innovation PME ?,Décision non déterminable avec information manquante,Non déterminable,"Non déterminable, l’éligibilité à l’aide Innovation PME ne peut pas être confirmée",150 à 200 mots maximum,contains_case_insensitive,Vérifier que le modèle n’invente pas une décision quand les données manquent.,Haute
HAR-V2-025,Éligibilité aide,Ce client est-il éligible à l’aide Formation Compétences ?,Décision d’éligibilité positive avec justification courte,Oui,"Oui, le client est éligible à l’aide Formation Compétences",150 à 200 mots maximum,contains_case_insensitive,Vérifier que la réponse commence par une décision claire et justifiée.,Haute
HAR-V2-026,Éligibilité aide,Ce client est-il non éligible à l’aide Formation Compétences ?,Décision d’éligibilité négative avec justification courte,Non,"Non, le client n’est pas éligible à l’aide Formation Compétences",150 à 200 mots maximum,contains_case_insensitive,Vérifier que la réponse refuse l’éligibilité sans produire une note longue.,Haute
HAR-V2-027,Éligibilité aide,Le client est-il partiellement éligible à l’aide Formation Compétences ?,Décision partielle avec réserve administrative,Partiellement,"Partiellement, le client semble éligible à l’aide Formation Compétences",150 à 200 mots maximum,contains_case_insensitive,Vérifier que la réponse nuance la décision et indique la réserve principale.,Haute
HAR-V2-028,Éligibilité aide,Peut-on confirmer l’éligibilité du client à l’aide Formation Compétences ?,Décision non déterminable avec information manquante,Non déterminable,"Non déterminable, l’éligibilité à l’aide Formation Compétences ne peut pas être confirmée",150 à 200 mots maximum,contains_case_insensitive,Vérifier que le modèle n’invente pas une décision quand les données manquent.,Haute
HAR-V2-029,Éligibilité aide,Ce client est-il éligible à l’aide Efficacité Énergétique ?,Décision d’éligibilité positive avec justification courte,Oui,"Oui, le client est éligible à l’aide Efficacité Énergétique",150 à 200 mots maximum,contains_case_insensitive,Vérifier que la réponse commence par une décision claire et justifiée.,Haute
HAR-V2-030,Éligibilité aide,Ce client est-il non éligible à l’aide Efficacité Énergétique ?,Décision d’éligibilité négative avec justification courte,Non,"Non, le client n’est pas éligible à l’aide Efficacité Énergétique",150 à 200 mots maximum,contains_case_insensitive,Vérifier que la réponse refuse l’éligibilité sans produire une note longue.,Haute
HAR-V2-031,Éligibilité aide,Le client est-il partiellement éligible à l’aide Efficacité Énergétique ?,Décision partielle avec réserve administrative,Partiellement,"Partiellement, le client semble éligible à l’aide Efficacité Énergétique",150 à 200 mots maximum,contains_case_insensitive,Vérifier que la réponse nuance la décision et indique la réserve principale.,Haute
HAR-V2-032,Éligibilité aide,Peut-on confirmer l’éligibilité du client à l’aide Efficacité Énergétique ?,Décision non déterminable avec information manquante,Non déterminable,"Non déterminable, l’éligibilité à l’aide Efficacité Énergétique ne peut pas être confirmée",150 à 200 mots maximum,contains_case_insensitive,Vérifier que le modèle n’invente pas une décision quand les données manquent.,Haute
HAR-V2-033,Éligibilité aide,Ce client est-il éligible à l’aide Investissement Productif ?,Décision d’éligibilité positive avec justification courte,Oui,"Oui, le client est éligible à l’aide Investissement Productif",150 à 200 mots maximum,contains_case_insensitive,Vérifier que la réponse commence par une décision claire et justifiée.,Haute
HAR-V2-034,Éligibilité aide,Ce client est-il non éligible à l’aide Investissement Productif ?,Décision d’éligibilité négative avec justification courte,Non,"Non, le client n’est pas éligible à l’aide Investissement Productif",150 à 200 mots maximum,contains_case_insensitive,Vérifier que la réponse refuse l’éligibilité sans produire une note longue.,Haute
HAR-V2-035,Éligibilité aide,Le client est-il partiellement éligible à l’aide Investissement Productif ?,Décision partielle avec réserve administrative,Partiellement,"Partiellement, le client semble éligible à l’aide Investissement Productif",150 à 200 mots maximum,contains_case_insensitive,Vérifier que la réponse nuance la décision et indique la réserve principale.,Haute
HAR-V2-036,Éligibilité aide,Peut-on confirmer l’éligibilité du client à l’aide Investissement Productif ?,Décision non déterminable avec information manquante,Non déterminable,"Non déterminable, l’éligibilité à l’aide Investissement Productif ne peut pas être confirmée",150 à 200 mots maximum,contains_case_insensitive,Vérifier que le modèle n’invente pas une décision quand les données manquent.,Haute
HAR-V2-037,Éligibilité aide,Ce client est-il éligible à l’aide Accompagnement Qualité ?,Décision d’éligibilité positive avec justification courte,Oui,"Oui, le client est éligible à l’aide Accompagnement Qualité",150 à 200 mots maximum,contains_case_insensitive,Vérifier que la réponse commence par une décision claire et justifiée.,Haute
HAR-V2-038,Éligibilité aide,Ce client est-il non éligible à l’aide Accompagnement Qualité ?,Décision d’éligibilité négative avec justification courte,Non,"Non, le client n’est pas éligible à l’aide Accompagnement Qualité",150 à 200 mots maximum,contains_case_insensitive,Vérifier que la réponse refuse l’éligibilité sans produire une note longue.,Haute
HAR-V2-039,Éligibilité aide,Le client est-il partiellement éligible à l’aide Accompagnement Qualité ?,Décision partielle avec réserve administrative,Partiellement,"Partiellement, le client semble éligible à l’aide Accompagnement Qualité",150 à 200 mots maximum,contains_case_insensitive,Vérifier que la réponse nuance la décision et indique la réserve principale.,Haute
HAR-V2-040,Éligibilité aide,Peut-on confirmer l’éligibilité du client à l’aide Accompagnement Qualité ?,Décision non déterminable avec information manquante,Non déterminable,"Non déterminable, l’éligibilité à l’aide Accompagnement Qualité ne peut pas être confirmée",150 à 200 mots maximum,contains_case_insensitive,Vérifier que le modèle n’invente pas une décision quand les données manquent.,Haute
HAR-V2-041,Éligibilité aide,Ce client est-il éligible à l’aide Certification ISO ?,Décision d’éligibilité positive avec justification courte,Oui,"Oui, le client est éligible à l’aide Certification ISO",150 à 200 mots maximum,contains_case_insensitive,Vérifier que la réponse commence par une décision claire et justifiée.,Haute
HAR-V2-042,Éligibilité aide,Ce client est-il non éligible à l’aide Certification ISO ?,Décision d’éligibilité négative avec justification courte,Non,"Non, le client n’est pas éligible à l’aide Certification ISO",150 à 200 mots maximum,contains_case_insensitive,Vérifier que la réponse refuse l’éligibilité sans produire une note longue.,Haute
HAR-V2-043,Éligibilité aide,Le client est-il partiellement éligible à l’aide Certification ISO ?,Décision partielle avec réserve administrative,Partiellement,"Partiellement, le client semble éligible à l’aide Certification ISO",150 à 200 mots maximum,contains_case_insensitive,Vérifier que la réponse nuance la décision et indique la réserve principale.,Haute
HAR-V2-044,Éligibilité aide,Peut-on confirmer l’éligibilité du client à l’aide Certification ISO ?,Décision non déterminable avec information manquante,Non déterminable,"Non déterminable, l’éligibilité à l’aide Certification ISO ne peut pas être confirmée",150 à 200 mots maximum,contains_case_insensitive,Vérifier que le modèle n’invente pas une décision quand les données manquent.,Haute
HAR-V2-045,Éligibilité aide,Ce client est-il éligible à l’aide Soutien à la Digitalisation ?,Décision d’éligibilité positive avec justification courte,Oui,"Oui, le client est éligible à l’aide Soutien à la Digitalisation",150 à 200 mots maximum,contains_case_insensitive,Vérifier que la réponse commence par une décision claire et justifiée.,Haute
HAR-V2-046,Éligibilité aide,Ce client est-il non éligible à l’aide Soutien à la Digitalisation ?,Décision d’éligibilité négative avec justification courte,Non,"Non, le client n’est pas éligible à l’aide Soutien à la Digitalisation",150 à 200 mots maximum,contains_case_insensitive,Vérifier que la réponse refuse l’éligibilité sans produire une note longue.,Haute
HAR-V2-047,Éligibilité aide,Le client est-il partiellement éligible à l’aide Soutien à la Digitalisation ?,Décision partielle avec réserve administrative,Partiellement,"Partiellement, le client semble éligible à l’aide Soutien à la Digitalisation",150 à 200 mots maximum,contains_case_insensitive,Vérifier que la réponse nuance la décision et indique la réserve principale.,Haute
HAR-V2-048,Éligibilité aide,Peut-on confirmer l’éligibilité du client à l’aide Soutien à la Digitalisation ?,Décision non déterminable avec information manquante,Non déterminable,"Non déterminable, l’éligibilité à l’aide Soutien à la Digitalisation ne peut pas être confirmée",150 à 200 mots maximum,contains_case_insensitive,Vérifier que le modèle n’invente pas une décision quand les données manquent.,Haute
HAR-V2-049,Pièces justificatives,La pièce statuts de la société est-elle nécessaire pour ce dossier ?,Réponse sur pièce obligatoire avec justification,À vérifier,Le point à vérifier est les statuts de la société,150 à 200 mots maximum,contains_case_insensitive,Vérifier que le modèle cible une seule pièce et n’ajoute pas une longue liste.,Moyenne
HAR-V2-050,Pièces justificatives,Le dossier peut-il être instruit sans statuts de la société ?,Décision sur complétude et blocage,À vérifier,le dossier ne peut pas être confirmé comme complet,150 à 200 mots maximum,contains_case_insensitive,Vérifier que le modèle traite l’absence de pièce comme un point de complétude.,Haute
HAR-V2-051,Pièces justificatives,Faut-il demander statuts de la société au client ?,Action administrative ciblée,À vérifier,L’action recommandée est de demander les statuts de la société,150 à 200 mots maximum,contains_case_insensitive,Vérifier que l’action recommandée est concrète et courte.,Moyenne
HAR-V2-052,Pièces justificatives,La pièce registre de commerce est-elle nécessaire pour ce dossier ?,Réponse sur pièce obligatoire avec justification,À vérifier,Le point à vérifier est le registre de commerce,150 à 200 mots maximum,contains_case_insensitive,Vérifier que le modèle cible une seule pièce et n’ajoute pas une longue liste.,Moyenne
HAR-V2-053,Pièces justificatives,Le dossier peut-il être instruit sans registre de commerce ?,Décision sur complétude et blocage,À vérifier,le dossier ne peut pas être confirmé comme complet,150 à 200 mots maximum,contains_case_insensitive,Vérifier que le modèle traite l’absence de pièce comme un point de complétude.,Haute
HAR-V2-054,Pièces justificatives,Faut-il demander registre de commerce au client ?,Action administrative ciblée,À vérifier,L’action recommandée est de demander le registre de commerce,150 à 200 mots maximum,contains_case_insensitive,Vérifier que l’action recommandée est concrète et courte.,Moyenne
HAR-V2-055,Pièces justificatives,La pièce attestation fiscale est-elle nécessaire pour ce dossier ?,Réponse sur pièce obligatoire avec justification,À vérifier,Le point à vérifier est l’attestation fiscale,150 à 200 mots maximum,contains_case_insensitive,Vérifier que le modèle cible une seule pièce et n’ajoute pas une longue liste.,Moyenne
HAR-V2-056,Pièces justificatives,Le dossier peut-il être instruit sans attestation fiscale ?,Décision sur complétude et blocage,À vérifier,le dossier ne peut pas être confirmé comme complet,150 à 200 mots maximum,contains_case_insensitive,Vérifier que le modèle traite l’absence de pièce comme un point de complétude.,Haute
HAR-V2-057,Pièces justificatives,Faut-il demander attestation fiscale au client ?,Action administrative ciblée,À vérifier,L’action recommandée est de demander l’attestation fiscale,150 à 200 mots maximum,contains_case_insensitive,Vérifier que l’action recommandée est concrète et courte.,Moyenne
HAR-V2-058,Pièces justificatives,La pièce attestation CNSS est-elle nécessaire pour ce dossier ?,Réponse sur pièce obligatoire avec justification,À vérifier,Le point à vérifier est l’attestation CNSS,150 à 200 mots maximum,contains_case_insensitive,Vérifier que le modèle cible une seule pièce et n’ajoute pas une longue liste.,Moyenne
HAR-V2-059,Pièces justificatives,Le dossier peut-il être instruit sans attestation CNSS ?,Décision sur complétude et blocage,À vérifier,le dossier ne peut pas être confirmé comme complet,150 à 200 mots maximum,contains_case_insensitive,Vérifier que le modèle traite l’absence de pièce comme un point de complétude.,Haute
HAR-V2-060,Pièces justificatives,Faut-il demander attestation CNSS au client ?,Action administrative ciblée,À vérifier,L’action recommandée est de demander l’attestation CNSS,150 à 200 mots maximum,contains_case_insensitive,Vérifier que l’action recommandée est concrète et courte.,Moyenne
HAR-V2-061,Pièces justificatives,La pièce bilan financier est-elle nécessaire pour ce dossier ?,Réponse sur pièce obligatoire avec justification,À vérifier,Le point à vérifier est le bilan financier,150 à 200 mots maximum,contains_case_insensitive,Vérifier que le modèle cible une seule pièce et n’ajoute pas une longue liste.,Moyenne
HAR-V2-062,Pièces justificatives,Le dossier peut-il être instruit sans bilan financier ?,Décision sur complétude et blocage,À vérifier,le dossier ne peut pas être confirmé comme complet,150 à 200 mots maximum,contains_case_insensitive,Vérifier que le modèle traite l’absence de pièce comme un point de complétude.,Haute
HAR-V2-063,Pièces justificatives,Faut-il demander bilan financier au client ?,Action administrative ciblée,À vérifier,L’action recommandée est de demander le bilan financier,150 à 200 mots maximum,contains_case_insensitive,Vérifier que l’action recommandée est concrète et courte.,Moyenne
HAR-V2-064,Pièces justificatives,La pièce devis fournisseur est-elle nécessaire pour ce dossier ?,Réponse sur pièce obligatoire avec justification,À vérifier,Le point à vérifier est le devis fournisseur,150 à 200 mots maximum,contains_case_insensitive,Vérifier que le modèle cible une seule pièce et n’ajoute pas une longue liste.,Moyenne
HAR-V2-065,Pièces justificatives,Le dossier peut-il être instruit sans devis fournisseur ?,Décision sur complétude et blocage,À vérifier,le dossier ne peut pas être confirmé comme complet,150 à 200 mots maximum,contains_case_insensitive,Vérifier que le modèle traite l’absence de pièce comme un point de complétude.,Haute
HAR-V2-066,Pièces justificatives,Faut-il demander devis fournisseur au client ?,Action administrative ciblée,À vérifier,L’action recommandée est de demander le devis fournisseur,150 à 200 mots maximum,contains_case_insensitive,Vérifier que l’action recommandée est concrète et courte.,Moyenne
HAR-V2-067,Pièces justificatives,La pièce plan de financement est-elle nécessaire pour ce dossier ?,Réponse sur pièce obligatoire avec justification,À vérifier,Le point à vérifier est le plan de financement,150 à 200 mots maximum,contains_case_insensitive,Vérifier que le modèle cible une seule pièce et n’ajoute pas une longue liste.,Moyenne
HAR-V2-068,Pièces justificatives,Le dossier peut-il être instruit sans plan de financement ?,Décision sur complétude et blocage,À vérifier,le dossier ne peut pas être confirmé comme complet,150 à 200 mots maximum,contains_case_insensitive,Vérifier que le modèle traite l’absence de pièce comme un point de complétude.,Haute
HAR-V2-069,Pièces justificatives,Faut-il demander plan de financement au client ?,Action administrative ciblée,À vérifier,L’action recommandée est de demander le plan de financement,150 à 200 mots maximum,contains_case_insensitive,Vérifier que l’action recommandée est concrète et courte.,Moyenne
HAR-V2-070,Pièces justificatives,La pièce justificatif du chiffre d’affaires est-elle nécessaire pour ce dossier ?,Réponse sur pièce obligatoire avec justification,À vérifier,Le point à vérifier est le justificatif du chiffre d’affaires,150 à 200 mots maximum,contains_case_insensitive,Vérifier que le modèle cible une seule pièce et n’ajoute pas une longue liste.,Moyenne
HAR-V2-071,Pièces justificatives,Le dossier peut-il être instruit sans justificatif du chiffre d’affaires ?,Décision sur complétude et blocage,À vérifier,le dossier ne peut pas être confirmé comme complet,150 à 200 mots maximum,contains_case_insensitive,Vérifier que le modèle traite l’absence de pièce comme un point de complétude.,Haute
HAR-V2-072,Pièces justificatives,Faut-il demander justificatif du chiffre d’affaires au client ?,Action administrative ciblée,À vérifier,L’action recommandée est de demander le justificatif du chiffre d’affaires,150 à 200 mots maximum,contains_case_insensitive,Vérifier que l’action recommandée est concrète et courte.,Moyenne
HAR-V2-073,Pièces justificatives,La pièce preuve d’actionnariat privé est-elle nécessaire pour ce dossier ?,Réponse sur pièce obligatoire avec justification,À vérifier,Le point à vérifier est la preuve d’actionnariat privé,150 à 200 mots maximum,contains_case_insensitive,Vérifier que le modèle cible une seule pièce et n’ajoute pas une longue liste.,Moyenne
HAR-V2-074,Pièces justificatives,Le dossier peut-il être instruit sans preuve d’actionnariat privé ?,Décision sur complétude et blocage,À vérifier,le dossier ne peut pas être confirmé comme complet,150 à 200 mots maximum,contains_case_insensitive,Vérifier que le modèle traite l’absence de pièce comme un point de complétude.,Haute
HAR-V2-075,Pièces justificatives,Faut-il demander preuve d’actionnariat privé au client ?,Action administrative ciblée,À vérifier,L’action recommandée est de demander la preuve d’actionnariat privé,150 à 200 mots maximum,contains_case_insensitive,Vérifier que l’action recommandée est concrète et courte.,Moyenne
HAR-V2-076,Pièces justificatives,La pièce lettre de demande est-elle nécessaire pour ce dossier ?,Réponse sur pièce obligatoire avec justification,À vérifier,Le point à vérifier est la lettre de demande,150 à 200 mots maximum,contains_case_insensitive,Vérifier que le modèle cible une seule pièce et n’ajoute pas une longue liste.,Moyenne
HAR-V2-077,Pièces justificatives,Le dossier peut-il être instruit sans lettre de demande ?,Décision sur complétude et blocage,À vérifier,le dossier ne peut pas être confirmé comme complet,150 à 200 mots maximum,contains_case_insensitive,Vérifier que le modèle traite l’absence de pièce comme un point de complétude.,Haute
HAR-V2-078,Pièces justificatives,Faut-il demander lettre de demande au client ?,Action administrative ciblée,À vérifier,L’action recommandée est de demander la lettre de demande,150 à 200 mots maximum,contains_case_insensitive,Vérifier que l’action recommandée est concrète et courte.,Moyenne
HAR-V2-079,Recours administratif,Le recours est-il recevable si le délai de 30 jours est dépassé ?,Décision sur recevabilité avec justification,Non,"Non, le recours administratif semble non recevable",150 à 200 mots maximum,contains_case_insensitive,Vérifier que le modèle traite le dépassement de délai comme un blocage potentiel.,Haute
HAR-V2-080,Recours administratif,Le délai de 30 jours bloque-t-il le traitement du recours ?,Analyse de blocage administratif,À vérifier,Le délai constitue un point à vérifier,150 à 200 mots maximum,contains_case_insensitive,Vérifier que le modèle ne tranche pas sans règle disponible.,Haute
HAR-V2-081,Recours administratif,Quelle action recommander si le délai de recours de 30 jours est dépassé ?,Action de régularisation ou vérification,À vérifier,L’action recommandée est de vérifier,150 à 200 mots maximum,contains_case_insensitive,"Vérifier que la réponse propose une action unique, pas un plan complet.",Moyenne
HAR-V2-082,Recours administratif,Le recours est-il recevable si le délai de 45 jours est dépassé ?,Décision sur recevabilité avec justification,Non,"Non, le recours administratif semble non recevable",150 à 200 mots maximum,contains_case_insensitive,Vérifier que le modèle traite le dépassement de délai comme un blocage potentiel.,Haute
HAR-V2-083,Recours administratif,Le délai de 45 jours bloque-t-il le traitement du recours ?,Analyse de blocage administratif,À vérifier,Le délai constitue un point à vérifier,150 à 200 mots maximum,contains_case_insensitive,Vérifier que le modèle ne tranche pas sans règle disponible.,Haute
HAR-V2-084,Recours administratif,Quelle action recommander si le délai de recours de 45 jours est dépassé ?,Action de régularisation ou vérification,À vérifier,L’action recommandée est de vérifier,150 à 200 mots maximum,contains_case_insensitive,"Vérifier que la réponse propose une action unique, pas un plan complet.",Moyenne
HAR-V2-085,Recours administratif,Le recours est-il recevable si le délai de 60 jours est dépassé ?,Décision sur recevabilité avec justification,Non,"Non, le recours administratif semble non recevable",150 à 200 mots maximum,contains_case_insensitive,Vérifier que le modèle traite le dépassement de délai comme un blocage potentiel.,Haute
HAR-V2-086,Recours administratif,Le délai de 60 jours bloque-t-il le traitement du recours ?,Analyse de blocage administratif,À vérifier,Le délai constitue un point à vérifier,150 à 200 mots maximum,contains_case_insensitive,Vérifier que le modèle ne tranche pas sans règle disponible.,Haute
HAR-V2-087,Recours administratif,Quelle action recommander si le délai de recours de 60 jours est dépassé ?,Action de régularisation ou vérification,À vérifier,L’action recommandée est de vérifier,150 à 200 mots maximum,contains_case_insensitive,"Vérifier que la réponse propose une action unique, pas un plan complet.",Moyenne
HAR-V2-088,Recours administratif,Le recours est-il recevable si le délai de 90 jours est dépassé ?,Décision sur recevabilité avec justification,Non,"Non, le recours administratif semble non recevable",150 à 200 mots maximum,contains_case_insensitive,Vérifier que le modèle traite le dépassement de délai comme un blocage potentiel.,Haute
HAR-V2-089,Recours administratif,Le délai de 90 jours bloque-t-il le traitement du recours ?,Analyse de blocage administratif,À vérifier,Le délai constitue un point à vérifier,150 à 200 mots maximum,contains_case_insensitive,Vérifier que le modèle ne tranche pas sans règle disponible.,Haute
HAR-V2-090,Recours administratif,Quelle action recommander si le délai de recours de 90 jours est dépassé ?,Action de régularisation ou vérification,À vérifier,L’action recommandée est de vérifier,150 à 200 mots maximum,contains_case_insensitive,"Vérifier que la réponse propose une action unique, pas un plan complet.",Moyenne
HAR-V2-091,Incohérence dossier,Cette incohérence doit-elle bloquer l’instruction : chiffre d’affaires contradictoire ?,Analyse d’incohérence avec impact administratif,À vérifier,"À vérifier, l’incohérence doit être clarifiée",150 à 200 mots maximum,contains_case_insensitive,Vérifier que le modèle signale l’incohérence sans inventer une décision définitive.,Haute
HAR-V2-092,Incohérence dossier,Que faut-il faire si le dossier présente un chiffre d’affaires contradictoire ?,Action de correction administrative,À vérifier,L’action recommandée est de demander une clarification,150 à 200 mots maximum,contains_case_insensitive,Vérifier que la réponse donne une action simple et ciblée.,Moyenne
HAR-V2-093,Incohérence dossier,Cette incohérence doit-elle bloquer l’instruction : secteur d’activité incohérent ?,Analyse d’incohérence avec impact administratif,À vérifier,"À vérifier, l’incohérence doit être clarifiée",150 à 200 mots maximum,contains_case_insensitive,Vérifier que le modèle signale l’incohérence sans inventer une décision définitive.,Haute
HAR-V2-094,Incohérence dossier,Que faut-il faire si le dossier présente un secteur d’activité incohérent ?,Action de correction administrative,À vérifier,L’action recommandée est de demander une clarification,150 à 200 mots maximum,contains_case_insensitive,Vérifier que la réponse donne une action simple et ciblée.,Moyenne
HAR-V2-095,Incohérence dossier,Cette incohérence doit-elle bloquer l’instruction : forme juridique non confirmée ?,Analyse d’incohérence avec impact administratif,À vérifier,"À vérifier, l’incohérence doit être clarifiée",150 à 200 mots maximum,contains_case_insensitive,Vérifier que le modèle signale l’incohérence sans inventer une décision définitive.,Haute
HAR-V2-096,Incohérence dossier,Que faut-il faire si le dossier présente un forme juridique non confirmée ?,Action de correction administrative,À vérifier,L’action recommandée est de demander une clarification,150 à 200 mots maximum,contains_case_insensitive,Vérifier que la réponse donne une action simple et ciblée.,Moyenne
HAR-V2-097,Incohérence dossier,Cette incohérence doit-elle bloquer l’instruction : date de recours contradictoire ?,Analyse d’incohérence avec impact administratif,À vérifier,"À vérifier, l’incohérence doit être clarifiée",150 à 200 mots maximum,contains_case_insensitive,Vérifier que le modèle signale l’incohérence sans inventer une décision définitive.,Haute
HAR-V2-098,Incohérence dossier,Que faut-il faire si le dossier présente un date de recours contradictoire ?,Action de correction administrative,À vérifier,L’action recommandée est de demander une clarification,150 à 200 mots maximum,contains_case_insensitive,Vérifier que la réponse donne une action simple et ciblée.,Moyenne
HAR-V2-099,Incohérence dossier,Cette incohérence doit-elle bloquer l’instruction : montant de devis incohérent ?,Analyse d’incohérence avec impact administratif,À vérifier,"À vérifier, l’incohérence doit être clarifiée",150 à 200 mots maximum,contains_case_insensitive,Vérifier que le modèle signale l’incohérence sans inventer une décision définitive.,Haute
HAR-V2-100,Incohérence dossier,Que faut-il faire si le dossier présente un montant de devis incohérent ?,Action de correction administrative,À vérifier,L’action recommandée est de demander une clarification,150 à 200 mots maximum,contains_case_insensitive,Vérifier que la réponse donne une action simple et ciblée.,Moyenne
HAR-V2-101,Incohérence dossier,Cette incohérence doit-elle bloquer l’instruction : identité du bénéficiaire ambiguë ?,Analyse d’incohérence avec impact administratif,À vérifier,"À vérifier, l’incohérence doit être clarifiée",150 à 200 mots maximum,contains_case_insensitive,Vérifier que le modèle signale l’incohérence sans inventer une décision définitive.,Haute
HAR-V2-102,Incohérence dossier,Que faut-il faire si le dossier présente un identité du bénéficiaire ambiguë ?,Action de correction administrative,À vérifier,L’action recommandée est de demander une clarification,150 à 200 mots maximum,contains_case_insensitive,Vérifier que la réponse donne une action simple et ciblée.,Moyenne
HAR-V2-103,Incohérence dossier,Cette incohérence doit-elle bloquer l’instruction : pièces présentes mais non datées ?,Analyse d’incohérence avec impact administratif,À vérifier,"À vérifier, l’incohérence doit être clarifiée",150 à 200 mots maximum,contains_case_insensitive,Vérifier que le modèle signale l’incohérence sans inventer une décision définitive.,Haute
HAR-V2-104,Incohérence dossier,Que faut-il faire si le dossier présente un pièces présentes mais non datées ?,Action de correction administrative,À vérifier,L’action recommandée est de demander une clarification,150 à 200 mots maximum,contains_case_insensitive,Vérifier que la réponse donne une action simple et ciblée.,Moyenne
HAR-V2-105,Incohérence dossier,Cette incohérence doit-elle bloquer l’instruction : activité déclarée différente de l’activité réelle ?,Analyse d’incohérence avec impact administratif,À vérifier,"À vérifier, l’incohérence doit être clarifiée",150 à 200 mots maximum,contains_case_insensitive,Vérifier que le modèle signale l’incohérence sans inventer une décision définitive.,Haute
HAR-V2-106,Incohérence dossier,Que faut-il faire si le dossier présente un activité déclarée différente de l’activité réelle ?,Action de correction administrative,À vérifier,L’action recommandée est de demander une clarification,150 à 200 mots maximum,contains_case_insensitive,Vérifier que la réponse donne une action simple et ciblée.,Moyenne
HAR-V2-107,Incohérence dossier,Cette incohérence doit-elle bloquer l’instruction : aide demandée différente du besoin exprimé ?,Analyse d’incohérence avec impact administratif,À vérifier,"À vérifier, l’incohérence doit être clarifiée",150 à 200 mots maximum,contains_case_insensitive,Vérifier que le modèle signale l’incohérence sans inventer une décision définitive.,Haute
HAR-V2-108,Incohérence dossier,Que faut-il faire si le dossier présente un aide demandée différente du besoin exprimé ?,Action de correction administrative,À vérifier,L’action recommandée est de demander une clarification,150 à 200 mots maximum,contains_case_insensitive,Vérifier que la réponse donne une action simple et ciblée.,Moyenne
HAR-V2-109,Incohérence dossier,Cette incohérence doit-elle bloquer l’instruction : dossier signalé complet alors qu’une pièce manque ?,Analyse d’incohérence avec impact administratif,À vérifier,"À vérifier, l’incohérence doit être clarifiée",150 à 200 mots maximum,contains_case_insensitive,Vérifier que le modèle signale l’incohérence sans inventer une décision définitive.,Haute
HAR-V2-110,Incohérence dossier,Que faut-il faire si le dossier présente un dossier signalé complet alors qu’une pièce manque ?,Action de correction administrative,À vérifier,L’action recommandée est de demander une clarification,150 à 200 mots maximum,contains_case_insensitive,Vérifier que la réponse donne une action simple et ciblée.,Moyenne
HAR-V2-111,Complétude dossier,Le dossier client est-il complet pour l’instruction numéro 1 ?,Décision de complétude avec justification courte,À vérifier,"À vérifier, le dossier ne peut pas être considéré comme complet",150 à 200 mots maximum,contains_case_insensitive,Vérifier que le modèle signale la limite des données fournies.,Haute
HAR-V2-112,Complétude dossier,Le dossier client est-il complet pour l’instruction numéro 2 ?,Décision de complétude avec justification courte,À vérifier,"À vérifier, le dossier ne peut pas être considéré comme complet",150 à 200 mots maximum,contains_case_insensitive,Vérifier que le modèle signale la limite des données fournies.,Haute
HAR-V2-113,Complétude dossier,Le dossier client est-il complet pour l’instruction numéro 3 ?,Décision de complétude avec justification courte,À vérifier,"À vérifier, le dossier ne peut pas être considéré comme complet",150 à 200 mots maximum,contains_case_insensitive,Vérifier que le modèle signale la limite des données fournies.,Haute
HAR-V2-114,Complétude dossier,Le dossier client est-il complet pour l’instruction numéro 4 ?,Décision de complétude avec justification courte,À vérifier,"À vérifier, le dossier ne peut pas être considéré comme complet",150 à 200 mots maximum,contains_case_insensitive,Vérifier que le modèle signale la limite des données fournies.,Haute
HAR-V2-115,Complétude dossier,Le dossier client est-il complet pour l’instruction numéro 5 ?,Décision de complétude avec justification courte,À vérifier,"À vérifier, le dossier ne peut pas être considéré comme complet",150 à 200 mots maximum,contains_case_insensitive,Vérifier que le modèle signale la limite des données fournies.,Haute
HAR-V2-116,Complétude dossier,Le dossier client est-il complet pour l’instruction numéro 6 ?,Décision de complétude avec justification courte,À vérifier,"À vérifier, le dossier ne peut pas être considéré comme complet",150 à 200 mots maximum,contains_case_insensitive,Vérifier que le modèle signale la limite des données fournies.,Haute
HAR-V2-117,Complétude dossier,Le dossier client est-il complet pour l’instruction numéro 7 ?,Décision de complétude avec justification courte,À vérifier,"À vérifier, le dossier ne peut pas être considéré comme complet",150 à 200 mots maximum,contains_case_insensitive,Vérifier que le modèle signale la limite des données fournies.,Haute
HAR-V2-118,Complétude dossier,Le dossier client est-il complet pour l’instruction numéro 8 ?,Décision de complétude avec justification courte,À vérifier,"À vérifier, le dossier ne peut pas être considéré comme complet",150 à 200 mots maximum,contains_case_insensitive,Vérifier que le modèle signale la limite des données fournies.,Haute
HAR-V2-119,Complétude dossier,Le dossier client est-il complet pour l’instruction numéro 9 ?,Décision de complétude avec justification courte,À vérifier,"À vérifier, le dossier ne peut pas être considéré comme complet",150 à 200 mots maximum,contains_case_insensitive,Vérifier que le modèle signale la limite des données fournies.,Haute
HAR-V2-120,Complétude dossier,Le dossier client est-il complet pour l’instruction numéro 10 ?,Décision de complétude avec justification courte,À vérifier,"À vérifier, le dossier ne peut pas être considéré comme complet",150 à 200 mots maximum,contains_case_insensitive,Vérifier que le modèle signale la limite des données fournies.,Haute
HAR-V2-121,Complétude dossier,Le dossier client est-il complet pour l’instruction numéro 11 ?,Décision de complétude avec justification courte,À vérifier,"À vérifier, le dossier ne peut pas être considéré comme complet",150 à 200 mots maximum,contains_case_insensitive,Vérifier que le modèle signale la limite des données fournies.,Moyenne
HAR-V2-122,Complétude dossier,Le dossier client est-il complet pour l’instruction numéro 12 ?,Décision de complétude avec justification courte,À vérifier,"À vérifier, le dossier ne peut pas être considéré comme complet",150 à 200 mots maximum,contains_case_insensitive,Vérifier que le modèle signale la limite des données fournies.,Moyenne
HAR-V2-123,Complétude dossier,Le dossier client est-il complet pour l’instruction numéro 13 ?,Décision de complétude avec justification courte,À vérifier,"À vérifier, le dossier ne peut pas être considéré comme complet",150 à 200 mots maximum,contains_case_insensitive,Vérifier que le modèle signale la limite des données fournies.,Moyenne
HAR-V2-124,Complétude dossier,Le dossier client est-il complet pour l’instruction numéro 14 ?,Décision de complétude avec justification courte,À vérifier,"À vérifier, le dossier ne peut pas être considéré comme complet",150 à 200 mots maximum,contains_case_insensitive,Vérifier que le modèle signale la limite des données fournies.,Moyenne
HAR-V2-125,Complétude dossier,Le dossier client est-il complet pour l’instruction numéro 15 ?,Décision de complétude avec justification courte,À vérifier,"À vérifier, le dossier ne peut pas être considéré comme complet",150 à 200 mots maximum,contains_case_insensitive,Vérifier que le modèle signale la limite des données fournies.,Moyenne
HAR-V2-126,Complétude dossier,Le dossier client est-il complet pour l’instruction numéro 16 ?,Décision de complétude avec justification courte,À vérifier,"À vérifier, le dossier ne peut pas être considéré comme complet",150 à 200 mots maximum,contains_case_insensitive,Vérifier que le modèle signale la limite des données fournies.,Moyenne
HAR-V2-127,Complétude dossier,Le dossier client est-il complet pour l’instruction numéro 17 ?,Décision de complétude avec justification courte,À vérifier,"À vérifier, le dossier ne peut pas être considéré comme complet",150 à 200 mots maximum,contains_case_insensitive,Vérifier que le modèle signale la limite des données fournies.,Moyenne
HAR-V2-128,Complétude dossier,Le dossier client est-il complet pour l’instruction numéro 18 ?,Décision de complétude avec justification courte,À vérifier,"À vérifier, le dossier ne peut pas être considéré comme complet",150 à 200 mots maximum,contains_case_insensitive,Vérifier que le modèle signale la limite des données fournies.,Moyenne
HAR-V2-129,Complétude dossier,Le dossier client est-il complet pour l’instruction numéro 19 ?,Décision de complétude avec justification courte,À vérifier,"À vérifier, le dossier ne peut pas être considéré comme complet",150 à 200 mots maximum,contains_case_insensitive,Vérifier que le modèle signale la limite des données fournies.,Moyenne
HAR-V2-130,Complétude dossier,Le dossier client est-il complet pour l’instruction numéro 20 ?,Décision de complétude avec justification courte,À vérifier,"À vérifier, le dossier ne peut pas être considéré comme complet",150 à 200 mots maximum,contains_case_insensitive,Vérifier que le modèle signale la limite des données fournies.,Moyenne
HAR-V2-131,Décision administrative,La décision probable est-elle une acceptation ?,Décision probable ou non déterminable,Non déterminable,"Non déterminable, la décision probable ne peut pas être tranchée",150 à 200 mots maximum,contains_case_insensitive,Vérifier que le modèle ne force pas une décision si les éléments sont insuffisants.,Haute
HAR-V2-132,Décision administrative,Peut-on recommander une acceptation pour ce dossier ?,Recommandation administrative prudente,À vérifier,"À vérifier, la recommandation doit être confirmée",150 à 200 mots maximum,contains_case_insensitive,Vérifier que le modèle reste prudent et exploitable.,Moyenne
HAR-V2-133,Décision administrative,La décision probable est-elle une rejet ?,Décision probable ou non déterminable,Non déterminable,"Non déterminable, la décision probable ne peut pas être tranchée",150 à 200 mots maximum,contains_case_insensitive,Vérifier que le modèle ne force pas une décision si les éléments sont insuffisants.,Haute
HAR-V2-134,Décision administrative,Peut-on recommander une rejet pour ce dossier ?,Recommandation administrative prudente,À vérifier,"À vérifier, la recommandation doit être confirmée",150 à 200 mots maximum,contains_case_insensitive,Vérifier que le modèle reste prudent et exploitable.,Moyenne
HAR-V2-135,Décision administrative,La décision probable est-elle une mise en attente ?,Décision probable ou non déterminable,Non déterminable,"Non déterminable, la décision probable ne peut pas être tranchée",150 à 200 mots maximum,contains_case_insensitive,Vérifier que le modèle ne force pas une décision si les éléments sont insuffisants.,Haute
HAR-V2-136,Décision administrative,Peut-on recommander une mise en attente pour ce dossier ?,Recommandation administrative prudente,À vérifier,"À vérifier, la recommandation doit être confirmée",150 à 200 mots maximum,contains_case_insensitive,Vérifier que le modèle reste prudent et exploitable.,Moyenne
HAR-V2-137,Décision administrative,La décision probable est-elle une demande de complément ?,Décision probable ou non déterminable,Non déterminable,"Non déterminable, la décision probable ne peut pas être tranchée",150 à 200 mots maximum,contains_case_insensitive,Vérifier que le modèle ne force pas une décision si les éléments sont insuffisants.,Haute
HAR-V2-138,Décision administrative,Peut-on recommander une demande de complément pour ce dossier ?,Recommandation administrative prudente,À vérifier,"À vérifier, la recommandation doit être confirmée",150 à 200 mots maximum,contains_case_insensitive,Vérifier que le modèle reste prudent et exploitable.,Moyenne
HAR-V2-139,Décision administrative,La décision probable est-elle une instruction prioritaire ?,Décision probable ou non déterminable,Non déterminable,"Non déterminable, la décision probable ne peut pas être tranchée",150 à 200 mots maximum,contains_case_insensitive,Vérifier que le modèle ne force pas une décision si les éléments sont insuffisants.,Haute
HAR-V2-140,Décision administrative,Peut-on recommander une instruction prioritaire pour ce dossier ?,Recommandation administrative prudente,À vérifier,"À vérifier, la recommandation doit être confirmée",150 à 200 mots maximum,contains_case_insensitive,Vérifier que le modèle reste prudent et exploitable.,Moyenne
HAR-V2-141,Décision administrative,La décision probable est-elle une validation conditionnelle ?,Décision probable ou non déterminable,Non déterminable,"Non déterminable, la décision probable ne peut pas être tranchée",150 à 200 mots maximum,contains_case_insensitive,Vérifier que le modèle ne force pas une décision si les éléments sont insuffisants.,Haute
HAR-V2-142,Décision administrative,Peut-on recommander une validation conditionnelle pour ce dossier ?,Recommandation administrative prudente,À vérifier,"À vérifier, la recommandation doit être confirmée",150 à 200 mots maximum,contains_case_insensitive,Vérifier que le modèle reste prudent et exploitable.,Moyenne
HAR-V2-143,Décision administrative,La décision probable est-elle une refus pour délai dépassé ?,Décision probable ou non déterminable,Non déterminable,"Non déterminable, la décision probable ne peut pas être tranchée",150 à 200 mots maximum,contains_case_insensitive,Vérifier que le modèle ne force pas une décision si les éléments sont insuffisants.,Haute
HAR-V2-144,Décision administrative,Peut-on recommander une refus pour délai dépassé pour ce dossier ?,Recommandation administrative prudente,À vérifier,"À vérifier, la recommandation doit être confirmée",150 à 200 mots maximum,contains_case_insensitive,Vérifier que le modèle reste prudent et exploitable.,Moyenne
HAR-V2-145,Décision administrative,La décision probable est-elle une validation après régularisation ?,Décision probable ou non déterminable,Non déterminable,"Non déterminable, la décision probable ne peut pas être tranchée",150 à 200 mots maximum,contains_case_insensitive,Vérifier que le modèle ne force pas une décision si les éléments sont insuffisants.,Haute
HAR-V2-146,Décision administrative,Peut-on recommander une validation après régularisation pour ce dossier ?,Recommandation administrative prudente,À vérifier,"À vérifier, la recommandation doit être confirmée",150 à 200 mots maximum,contains_case_insensitive,Vérifier que le modèle reste prudent et exploitable.,Moyenne
HAR-V2-147,Décision administrative,La décision probable est-elle une orientation vers une autre aide ?,Décision probable ou non déterminable,Non déterminable,"Non déterminable, la décision probable ne peut pas être tranchée",150 à 200 mots maximum,contains_case_insensitive,Vérifier que le modèle ne force pas une décision si les éléments sont insuffisants.,Haute
HAR-V2-148,Décision administrative,Peut-on recommander une orientation vers une autre aide pour ce dossier ?,Recommandation administrative prudente,À vérifier,"À vérifier, la recommandation doit être confirmée",150 à 200 mots maximum,contains_case_insensitive,Vérifier que le modèle reste prudent et exploitable.,Moyenne
HAR-V2-149,Décision administrative,La décision probable est-elle une clôture du dossier ?,Décision probable ou non déterminable,Non déterminable,"Non déterminable, la décision probable ne peut pas être tranchée",150 à 200 mots maximum,contains_case_insensitive,Vérifier que le modèle ne force pas une décision si les éléments sont insuffisants.,Haute
HAR-V2-150,Décision administrative,Peut-on recommander une clôture du dossier pour ce dossier ?,Recommandation administrative prudente,À vérifier,"À vérifier, la recommandation doit être confirmée",150 à 200 mots maximum,contains_case_insensitive,Vérifier que le modèle reste prudent et exploitable.,Moyenne
HAR-V2-151,Procédure,Quelle est l’action suivante pour la procédure de dépôt de demande ?,Action suivante en une phrase justifiée,À vérifier,L’action recommandée est,150 à 200 mots maximum,contains_case_insensitive,Vérifier que le modèle donne une seule action suivante et pas une procédure complète.,Moyenne
HAR-V2-152,Procédure,Le client peut-il passer à l’étape de dépôt de demande ?,Réponse procédurale courte avec réserve,À vérifier,"À vérifier, le passage à l’étape suivante dépend",150 à 200 mots maximum,contains_case_insensitive,Vérifier que le modèle indique la condition de passage sans détour.,Moyenne
HAR-V2-153,Procédure,Quelle est l’action suivante pour la procédure de demande de complément ?,Action suivante en une phrase justifiée,À vérifier,L’action recommandée est,150 à 200 mots maximum,contains_case_insensitive,Vérifier que le modèle donne une seule action suivante et pas une procédure complète.,Moyenne
HAR-V2-154,Procédure,Le client peut-il passer à l’étape de demande de complément ?,Réponse procédurale courte avec réserve,À vérifier,"À vérifier, le passage à l’étape suivante dépend",150 à 200 mots maximum,contains_case_insensitive,Vérifier que le modèle indique la condition de passage sans détour.,Moyenne
HAR-V2-155,Procédure,Quelle est l’action suivante pour la procédure de recours administratif ?,Action suivante en une phrase justifiée,À vérifier,L’action recommandée est,150 à 200 mots maximum,contains_case_insensitive,Vérifier que le modèle donne une seule action suivante et pas une procédure complète.,Moyenne
HAR-V2-156,Procédure,Le client peut-il passer à l’étape de recours administratif ?,Réponse procédurale courte avec réserve,À vérifier,"À vérifier, le passage à l’étape suivante dépend",150 à 200 mots maximum,contains_case_insensitive,Vérifier que le modèle indique la condition de passage sans détour.,Moyenne
HAR-V2-157,Procédure,Quelle est l’action suivante pour la procédure de validation d’éligibilité ?,Action suivante en une phrase justifiée,À vérifier,L’action recommandée est,150 à 200 mots maximum,contains_case_insensitive,Vérifier que le modèle donne une seule action suivante et pas une procédure complète.,Moyenne
HAR-V2-158,Procédure,Le client peut-il passer à l’étape de validation d’éligibilité ?,Réponse procédurale courte avec réserve,À vérifier,"À vérifier, le passage à l’étape suivante dépend",150 à 200 mots maximum,contains_case_insensitive,Vérifier que le modèle indique la condition de passage sans détour.,Moyenne
HAR-V2-159,Procédure,Quelle est l’action suivante pour la procédure de contrôle des pièces ?,Action suivante en une phrase justifiée,À vérifier,L’action recommandée est,150 à 200 mots maximum,contains_case_insensitive,Vérifier que le modèle donne une seule action suivante et pas une procédure complète.,Moyenne
HAR-V2-160,Procédure,Le client peut-il passer à l’étape de contrôle des pièces ?,Réponse procédurale courte avec réserve,À vérifier,"À vérifier, le passage à l’étape suivante dépend",150 à 200 mots maximum,contains_case_insensitive,Vérifier que le modèle indique la condition de passage sans détour.,Moyenne
HAR-V2-161,Procédure,Quelle est l’action suivante pour la procédure de vérification du chiffre d’affaires ?,Action suivante en une phrase justifiée,À vérifier,L’action recommandée est,150 à 200 mots maximum,contains_case_insensitive,Vérifier que le modèle donne une seule action suivante et pas une procédure complète.,Moyenne
HAR-V2-162,Procédure,Le client peut-il passer à l’étape de vérification du chiffre d’affaires ?,Réponse procédurale courte avec réserve,À vérifier,"À vérifier, le passage à l’étape suivante dépend",150 à 200 mots maximum,contains_case_insensitive,Vérifier que le modèle indique la condition de passage sans détour.,Moyenne
HAR-V2-163,Procédure,Quelle est l’action suivante pour la procédure de contrôle de l’actionnariat ?,Action suivante en une phrase justifiée,À vérifier,L’action recommandée est,150 à 200 mots maximum,contains_case_insensitive,Vérifier que le modèle donne une seule action suivante et pas une procédure complète.,Moyenne
HAR-V2-164,Procédure,Le client peut-il passer à l’étape de contrôle de l’actionnariat ?,Réponse procédurale courte avec réserve,À vérifier,"À vérifier, le passage à l’étape suivante dépend",150 à 200 mots maximum,contains_case_insensitive,Vérifier que le modèle indique la condition de passage sans détour.,Moyenne
HAR-V2-165,Procédure,Quelle est l’action suivante pour la procédure de analyse du besoin de financement ?,Action suivante en une phrase justifiée,À vérifier,L’action recommandée est,150 à 200 mots maximum,contains_case_insensitive,Vérifier que le modèle donne une seule action suivante et pas une procédure complète.,Moyenne
HAR-V2-166,Procédure,Le client peut-il passer à l’étape de analyse du besoin de financement ?,Réponse procédurale courte avec réserve,À vérifier,"À vérifier, le passage à l’étape suivante dépend",150 à 200 mots maximum,contains_case_insensitive,Vérifier que le modèle indique la condition de passage sans détour.,Moyenne
HAR-V2-167,Procédure,Quelle est l’action suivante pour la procédure de classement du dossier ?,Action suivante en une phrase justifiée,À vérifier,L’action recommandée est,150 à 200 mots maximum,contains_case_insensitive,Vérifier que le modèle donne une seule action suivante et pas une procédure complète.,Moyenne
HAR-V2-168,Procédure,Le client peut-il passer à l’étape de classement du dossier ?,Réponse procédurale courte avec réserve,À vérifier,"À vérifier, le passage à l’étape suivante dépend",150 à 200 mots maximum,contains_case_insensitive,Vérifier que le modèle indique la condition de passage sans détour.,Moyenne
HAR-V2-169,Procédure,Quelle est l’action suivante pour la procédure de notification au client ?,Action suivante en une phrase justifiée,À vérifier,L’action recommandée est,150 à 200 mots maximum,contains_case_insensitive,Vérifier que le modèle donne une seule action suivante et pas une procédure complète.,Moyenne
HAR-V2-170,Procédure,Le client peut-il passer à l’étape de notification au client ?,Réponse procédurale courte avec réserve,À vérifier,"À vérifier, le passage à l’étape suivante dépend",150 à 200 mots maximum,contains_case_insensitive,Vérifier que le modèle indique la condition de passage sans détour.,Moyenne
HAR-V2-171,Seuil financier,"Le chiffre d’affaires de 7,9 MDH respecte-t-il le seuil de l’aide demandée ?",Décision sur seuil financier avec justification,À vérifier,"À vérifier, le chiffre d’affaires doit être comparé au seuil applicable",150 à 200 mots maximum,contains_case_insensitive,Vérifier que le modèle compare au seuil sans inventer la règle.,Haute
HAR-V2-172,Seuil financier,"Le montant de 7,9 MDH bloque-t-il l’éligibilité ?",Analyse de seuil avec décision prudente,Non déterminable,"Non déterminable, le montant ne permet pas à lui seul de trancher",150 à 200 mots maximum,contains_case_insensitive,Vérifier que le modèle ne décide pas uniquement sur un montant isolé.,Moyenne
HAR-V2-173,Seuil financier,Le chiffre d’affaires de 12 MDH respecte-t-il le seuil de l’aide demandée ?,Décision sur seuil financier avec justification,À vérifier,"À vérifier, le chiffre d’affaires doit être comparé au seuil applicable",150 à 200 mots maximum,contains_case_insensitive,Vérifier que le modèle compare au seuil sans inventer la règle.,Haute
HAR-V2-174,Seuil financier,Le montant de 12 MDH bloque-t-il l’éligibilité ?,Analyse de seuil avec décision prudente,Non déterminable,"Non déterminable, le montant ne permet pas à lui seul de trancher",150 à 200 mots maximum,contains_case_insensitive,Vérifier que le modèle ne décide pas uniquement sur un montant isolé.,Moyenne
HAR-V2-175,Seuil financier,Le chiffre d’affaires de 20 MDH respecte-t-il le seuil de l’aide demandée ?,Décision sur seuil financier avec justification,À vérifier,"À vérifier, le chiffre d’affaires doit être comparé au seuil applicable",150 à 200 mots maximum,contains_case_insensitive,Vérifier que le modèle compare au seuil sans inventer la règle.,Haute
HAR-V2-176,Seuil financier,Le montant de 20 MDH bloque-t-il l’éligibilité ?,Analyse de seuil avec décision prudente,Non déterminable,"Non déterminable, le montant ne permet pas à lui seul de trancher",150 à 200 mots maximum,contains_case_insensitive,Vérifier que le modèle ne décide pas uniquement sur un montant isolé.,Moyenne
HAR-V2-177,Seuil financier,Le chiffre d’affaires de 25 MDH respecte-t-il le seuil de l’aide demandée ?,Décision sur seuil financier avec justification,À vérifier,"À vérifier, le chiffre d’affaires doit être comparé au seuil applicable",150 à 200 mots maximum,contains_case_insensitive,Vérifier que le modèle compare au seuil sans inventer la règle.,Haute
HAR-V2-178,Seuil financier,Le montant de 25 MDH bloque-t-il l’éligibilité ?,Analyse de seuil avec décision prudente,Non déterminable,"Non déterminable, le montant ne permet pas à lui seul de trancher",150 à 200 mots maximum,contains_case_insensitive,Vérifier que le modèle ne décide pas uniquement sur un montant isolé.,Moyenne
HAR-V2-179,Seuil financier,Le chiffre d’affaires de 3 MDH respecte-t-il le seuil de l’aide demandée ?,Décision sur seuil financier avec justification,À vérifier,"À vérifier, le chiffre d’affaires doit être comparé au seuil applicable",150 à 200 mots maximum,contains_case_insensitive,Vérifier que le modèle compare au seuil sans inventer la règle.,Haute
HAR-V2-180,Seuil financier,Le montant de 3 MDH bloque-t-il l’éligibilité ?,Analyse de seuil avec décision prudente,Non déterminable,"Non déterminable, le montant ne permet pas à lui seul de trancher",150 à 200 mots maximum,contains_case_insensitive,Vérifier que le modèle ne décide pas uniquement sur un montant isolé.,Moyenne
HAR-V2-181,Seuil financier,Le chiffre d’affaires de 500 000 DH respecte-t-il le seuil de l’aide demandée ?,Décision sur seuil financier avec justification,À vérifier,"À vérifier, le chiffre d’affaires doit être comparé au seuil applicable",150 à 200 mots maximum,contains_case_insensitive,Vérifier que le modèle compare au seuil sans inventer la règle.,Haute
HAR-V2-182,Seuil financier,Le montant de 500 000 DH bloque-t-il l’éligibilité ?,Analyse de seuil avec décision prudente,Non déterminable,"Non déterminable, le montant ne permet pas à lui seul de trancher",150 à 200 mots maximum,contains_case_insensitive,Vérifier que le modèle ne décide pas uniquement sur un montant isolé.,Moyenne
HAR-V2-183,Seuil financier,"Le chiffre d’affaires de 1,2 MDH respecte-t-il le seuil de l’aide demandée ?",Décision sur seuil financier avec justification,À vérifier,"À vérifier, le chiffre d’affaires doit être comparé au seuil applicable",150 à 200 mots maximum,contains_case_insensitive,Vérifier que le modèle compare au seuil sans inventer la règle.,Haute
HAR-V2-184,Seuil financier,"Le montant de 1,2 MDH bloque-t-il l’éligibilité ?",Analyse de seuil avec décision prudente,Non déterminable,"Non déterminable, le montant ne permet pas à lui seul de trancher",150 à 200 mots maximum,contains_case_insensitive,Vérifier que le modèle ne décide pas uniquement sur un montant isolé.,Moyenne
HAR-V2-185,Seuil financier,Le chiffre d’affaires de 15 MDH respecte-t-il le seuil de l’aide demandée ?,Décision sur seuil financier avec justification,À vérifier,"À vérifier, le chiffre d’affaires doit être comparé au seuil applicable",150 à 200 mots maximum,contains_case_insensitive,Vérifier que le modèle compare au seuil sans inventer la règle.,Haute
HAR-V2-186,Seuil financier,Le montant de 15 MDH bloque-t-il l’éligibilité ?,Analyse de seuil avec décision prudente,Non déterminable,"Non déterminable, le montant ne permet pas à lui seul de trancher",150 à 200 mots maximum,contains_case_insensitive,Vérifier que le modèle ne décide pas uniquement sur un montant isolé.,Moyenne
HAR-V2-187,Seuil financier,"Le chiffre d’affaires de 8,5 MDH respecte-t-il le seuil de l’aide demandée ?",Décision sur seuil financier avec justification,À vérifier,"À vérifier, le chiffre d’affaires doit être comparé au seuil applicable",150 à 200 mots maximum,contains_case_insensitive,Vérifier que le modèle compare au seuil sans inventer la règle.,Haute
HAR-V2-188,Seuil financier,"Le montant de 8,5 MDH bloque-t-il l’éligibilité ?",Analyse de seuil avec décision prudente,Non déterminable,"Non déterminable, le montant ne permet pas à lui seul de trancher",150 à 200 mots maximum,contains_case_insensitive,Vérifier que le modèle ne décide pas uniquement sur un montant isolé.,Moyenne
HAR-V2-189,Seuil financier,Le chiffre d’affaires de 30 MDH respecte-t-il le seuil de l’aide demandée ?,Décision sur seuil financier avec justification,À vérifier,"À vérifier, le chiffre d’affaires doit être comparé au seuil applicable",150 à 200 mots maximum,contains_case_insensitive,Vérifier que le modèle compare au seuil sans inventer la règle.,Haute
HAR-V2-190,Seuil financier,Le montant de 30 MDH bloque-t-il l’éligibilité ?,Analyse de seuil avec décision prudente,Non déterminable,"Non déterminable, le montant ne permet pas à lui seul de trancher",150 à 200 mots maximum,contains_case_insensitive,Vérifier que le modèle ne décide pas uniquement sur un montant isolé.,Moyenne
HAR-V2-191,Action recommandée,Quelle action administrative faut-il recommander maintenant : demander les pièces manquantes ?,Action recommandée concise avec justification,À vérifier,L’action recommandée est de demander les pièces manquantes,150 à 200 mots maximum,contains_case_insensitive,Vérifier que l’action est formulée directement et en un seul paragraphe.,Moyenne
HAR-V2-192,Action recommandée,Est-ce que l’action suivante doit être : demander les pièces manquantes ?,Validation d’action avec réserve,À vérifier,"À vérifier, cette action doit être confirmée",150 à 200 mots maximum,contains_case_insensitive,Vérifier que la réponse valide ou réserve l’action sans être longue.,Moyenne
HAR-V2-193,Action recommandée,Quelle action administrative faut-il recommander maintenant : vérifier le délai de recours ?,Action recommandée concise avec justification,À vérifier,L’action recommandée est de vérifier le délai de recours,150 à 200 mots maximum,contains_case_insensitive,Vérifier que l’action est formulée directement et en un seul paragraphe.,Moyenne
HAR-V2-194,Action recommandée,Est-ce que l’action suivante doit être : vérifier le délai de recours ?,Validation d’action avec réserve,À vérifier,"À vérifier, cette action doit être confirmée",150 à 200 mots maximum,contains_case_insensitive,Vérifier que la réponse valide ou réserve l’action sans être longue.,Moyenne
HAR-V2-195,Action recommandée,Quelle action administrative faut-il recommander maintenant : contrôler les statuts ?,Action recommandée concise avec justification,À vérifier,L’action recommandée est de contrôler les statuts,150 à 200 mots maximum,contains_case_insensitive,Vérifier que l’action est formulée directement et en un seul paragraphe.,Moyenne
HAR-V2-196,Action recommandée,Est-ce que l’action suivante doit être : contrôler les statuts ?,Validation d’action avec réserve,À vérifier,"À vérifier, cette action doit être confirmée",150 à 200 mots maximum,contains_case_insensitive,Vérifier que la réponse valide ou réserve l’action sans être longue.,Moyenne
HAR-V2-197,Action recommandée,Quelle action administrative faut-il recommander maintenant : confirmer le chiffre d’affaires ?,Action recommandée concise avec justification,À vérifier,L’action recommandée est de confirmer le chiffre d’affaires,150 à 200 mots maximum,contains_case_insensitive,Vérifier que l’action est formulée directement et en un seul paragraphe.,Moyenne
HAR-V2-198,Action recommandée,Est-ce que l’action suivante doit être : confirmer le chiffre d’affaires ?,Validation d’action avec réserve,À vérifier,"À vérifier, cette action doit être confirmée",150 à 200 mots maximum,contains_case_insensitive,Vérifier que la réponse valide ou réserve l’action sans être longue.,Moyenne
HAR-V2-199,Action recommandée,Quelle action administrative faut-il recommander maintenant : vérifier l’actionnariat ?,Action recommandée concise avec justification,À vérifier,L’action recommandée est de vérifier l’actionnariat,150 à 200 mots maximum,contains_case_insensitive,Vérifier que l’action est formulée directement et en un seul paragraphe.,Moyenne
HAR-V2-200,Action recommandée,Est-ce que l’action suivante doit être : vérifier l’actionnariat ?,Validation d’action avec réserve,À vérifier,"À vérifier, cette action doit être confirmée",150 à 200 mots maximum,contains_case_insensitive,Vérifier que la réponse valide ou réserve l’action sans être longue.,Moyenne
HAR-V2-201,Action recommandée,Quelle action administrative faut-il recommander maintenant : demander un devis actualisé ?,Action recommandée concise avec justification,À vérifier,L’action recommandée est de demander un devis actualisé,150 à 200 mots maximum,contains_case_insensitive,Vérifier que l’action est formulée directement et en un seul paragraphe.,Moyenne
HAR-V2-202,Action recommandée,Est-ce que l’action suivante doit être : demander un devis actualisé ?,Validation d’action avec réserve,À vérifier,"À vérifier, cette action doit être confirmée",150 à 200 mots maximum,contains_case_insensitive,Vérifier que la réponse valide ou réserve l’action sans être longue.,Moyenne
HAR-V2-203,Action recommandée,Quelle action administrative faut-il recommander maintenant : clarifier l’activité principale ?,Action recommandée concise avec justification,À vérifier,L’action recommandée est de clarifier l’activité principale,150 à 200 mots maximum,contains_case_insensitive,Vérifier que l’action est formulée directement et en un seul paragraphe.,Moyenne
HAR-V2-204,Action recommandée,Est-ce que l’action suivante doit être : clarifier l’activité principale ?,Validation d’action avec réserve,À vérifier,"À vérifier, cette action doit être confirmée",150 à 200 mots maximum,contains_case_insensitive,Vérifier que la réponse valide ou réserve l’action sans être longue.,Moyenne
HAR-V2-205,Action recommandée,Quelle action administrative faut-il recommander maintenant : confirmer l’aide demandée ?,Action recommandée concise avec justification,À vérifier,L’action recommandée est de confirmer l’aide demandée,150 à 200 mots maximum,contains_case_insensitive,Vérifier que l’action est formulée directement et en un seul paragraphe.,Moyenne
HAR-V2-206,Action recommandée,Est-ce que l’action suivante doit être : confirmer l’aide demandée ?,Validation d’action avec réserve,À vérifier,"À vérifier, cette action doit être confirmée",150 à 200 mots maximum,contains_case_insensitive,Vérifier que la réponse valide ou réserve l’action sans être longue.,Moyenne
HAR-V2-207,Action recommandée,Quelle action administrative faut-il recommander maintenant : vérifier la cohérence des dates ?,Action recommandée concise avec justification,À vérifier,L’action recommandée est de vérifier la cohérence des dates,150 à 200 mots maximum,contains_case_insensitive,Vérifier que l’action est formulée directement et en un seul paragraphe.,Moyenne
HAR-V2-208,Action recommandée,Est-ce que l’action suivante doit être : vérifier la cohérence des dates ?,Validation d’action avec réserve,À vérifier,"À vérifier, cette action doit être confirmée",150 à 200 mots maximum,contains_case_insensitive,Vérifier que la réponse valide ou réserve l’action sans être longue.,Moyenne
HAR-V2-209,Action recommandée,Quelle action administrative faut-il recommander maintenant : mettre le dossier en attente ?,Action recommandée concise avec justification,À vérifier,L’action recommandée est de mettre le dossier en attente,150 à 200 mots maximum,contains_case_insensitive,Vérifier que l’action est formulée directement et en un seul paragraphe.,Moyenne
HAR-V2-210,Action recommandée,Est-ce que l’action suivante doit être : mettre le dossier en attente ?,Validation d’action avec réserve,À vérifier,"À vérifier, cette action doit être confirmée",150 à 200 mots maximum,contains_case_insensitive,Vérifier que la réponse valide ou réserve l’action sans être longue.,Moyenne